<speak>
  <p>Welcome to the HeliosX Logistics Hub — where pharmaceutical excellence meets operational efficiency.</p>
  <p>Every day, stock arrives from our pharmaceutical partners — carefully received and immediately processed into our secure facility.</p>
  <p>Our dedicated Royal Mail elevated ramp ensures priority postal integration for high-volume dispatch.</p>
  <p>Inside our climate-controlled facility, every product is tracked, stored, and maintained to pharmaceutical standards.</p>
  <p>Three specialized packaging lines serve our key brands.</p>
  <p><emphasis level="moderate">Dermatica</emphasis> — processed on a dedicated line with white and green branding for precise dermatology treatments.</p>
  <p><emphasis level="moderate">MedExpress</emphasis> — prepared on a fast-throughput blue line for rapid nationwide dispatch.</p>
  <p><emphasis level="moderate">ZipHealth</emphasis> — fulfilled on a dedicated digital-health line alongside MedExpress operations.</p>
  <p>Completed orders move to our collections bays for nationwide delivery via partners and carriers.</p>
  <p><break time="200ms"/>HeliosX — powering pharmaceutical logistics from receipt to delivery. Excellence in every step.
     As part of the HeliosX Group, we’re building the future of digital healthcare — from online consultations to your doorstep.
     <emphasis level="moderate">Trusted. Efficient. HeliosX.</emphasis></p>
</speak>
